ID	DISEASE	AGE	GENDER	CONDITION	Treated	Alive
H005	CLL	75	male	mutated	yes	yes
H010	CLL	73	female	unmutated	no	yes
H011	CLL	73	female	mutated	no	yes
H012	CLL	62	female	unmutated	yes	no
H013	CLL	77	male	unmutated	yes	no
H014	CLL	86	female	unmutated	yes	no
H015	CLL	62	female	unmutated	no	yes
H016	CLL	55	male	mutated	no	yes
H017	CLL	56	male	unmutated	no	no
H019	CLL	70	female	unmutated	yes	no
H020	CLL	64	male	mutated	no	yes
H021	CLL	50	male	mutated	no	yes
H023	CLL	71	female	unmutated	yes	no
H027	CLL	58	male	unmutated	no	yes
H028	CLL	73	female	mutated	no	no
H029	CLL	75	female	mutated	yes	yes
H030	CLL	53	male	unmutated	no	yes
H031	CLL	62	female	mutated	no	yes
H033	CLL	63	female	mutated	no	yes
H035	CLL	79	female	mutated	yes	yes
H036	CLL	75	female	mutated	no	yes
H037	CLL	71	male	mutated	no	yes
H038	CLL	74	male	mutated	no	yes
H039	CLL	55	female	mutated	no	yes
H040	CLL	84	female	mutated	no	no
H041	CLL	76	male	mutated	no	yes
H042	CLL	72	female	unmutated	yes	no
H043	CLL	44	female	unmutated	yes	yes
H044	CLL	61	male	unmutated	yes	yes
H045	CLL	91	male	unmutated	yes	no
H046	CLL	88	male	mutated	no	yes
H047	CLL	69	male	unmutated	yes	no
H048	CLL	65	female	unmutated	yes	yes
H049	CLL	58	male	mutated	no	yes
H051	CLL	79	female	unmutated	yes	no
H053	CLL	83	female	mutated	no	yes
H054	CLL	50	female	mutated	no	yes
H055	CLL	65	male	mutated	no	yes
H056	CLL	83	male	mutated	no	yes
H057	CLL	67	male	mutated	no	yes
H058	CLL	75	female	mutated	no	no
H059	CLL	55	male	mutated	no	yes
H060	CLL	75	male	unmutated	no	yes
H062	CLL	53	male	mutated	no	yes
H063	CLL	49	female	mutated	no	yes
H065	CLL	77	female	unmutated	yes	no
H066	CLL	47	male	unmutated	yes	no
H069	CLL	77	female	unmutated	yes	no
H072	CLL	58	male	unmutated	no	yes
H073	CLL	65	male	mutated	yes	yes
H077	CLL	70	female	unmutated	no	yes
H078	CLL	68	male	unmutated	yes	yes
H079	CLL	48	male	unmutated	no	yes
H080	CLL	82	male	unmutated	yes	yes
H081	CLL	64	female	mutated	no	yes
H082	CLL	82	male	mutated	no	yes
H084	CLL	88	male	mutated	no	yes
H088	CLL	60	female	mutated	no	yes
H089	CLL	55	female	mutated	no	yes
H090	CLL	70	female	mutated	yes	yes
H093	CLL	76	female	unmutated	no	yes
H094	CLL	46	male	mutated	no	yes
H095	CLL	53	female	unmutated	no	yes
H099	CLL	54	female	mutated	no	yes
H100	CLL	74	male	mutated	no	yes
H101	CLL	73	female	mutated	no	yes
H102	CLL	78	female	unmutated	no	yes
H103	CLL	71	male	mutated	no	yes
H104	CLL	79	male	unmutated	no	yes
H105	CLL	49	male	mutated	no	yes
H107	CLL	43	male	unmutated	no	yes
H108	CLL	57	male	mutated	no	yes
H109	CLL	85	male	unmutated	no	yes
H110	CLL	66	male	mutated	no	yes
H111	CLL	55	male	unmutated	yes	no
H113	CLL	70	male	mutated	no	yes
H115	CLL	72	male	mutated	no	no
H117	CLL	51	female	unmutated	yes	yes
H118	CLL	49	male	mutated	yes	yes
H135	CLL	76	female	mutated	yes	no
H148	CLL	34	female	unmutated	yes	no
H163	CLL	65	male	mutated	no	yes
H164	CLL	73	female	unmutated	no	yes
H165	CLL	58	female	unmutated	no	yes
H167	CLL	64	female	unmutated	no	yes
H169	CLL	42	female	mutated	no	yes
H171	CLL	73	male	unmutated	yes	yes
H173	CLL	74	female	mutated	yes	yes
H187	CLL	60	male	unmutated	no	yes
H192	CLL	72	female	mutated	no	yes
H194	CLL	76	male	mutated	no	yes
H225	CLL	47	female	mutated	no	yes
H228	CLL	65	male	unmutated	no	yes
H231	CLL	47	male	unmutated	no	yes
H233	CLL	55	male	unmutated	no	yes
H234	CLL	68	male	unmutated	no	yes
H236	CLL	67	male	mutated	no	yes
H238	CLL	75	male	unmutated	no	no
H239	CLL	70	female	unmutated	no	yes
H240	CLL	83	male	mutated	no	yes
H242	CLL	49	male	unmutated	no	yes
H243	CLL	80	male	unmutated	no	yes
H246	CLL	75	male	unmutated	no	yes
H247	CLL	47	female	mutated	no	yes
H249	CLL	83	male	unmutated	no	yes
H255	CLL	67	male	unmutated	yes	yes
H257	CLL	66	female	unmutated	no	yes
H260	CLL	63	male	unmutated	yes	yes
H265	CLL	59	male	unmutated	yes	yes
H266	CLL	74	male	mutated	yes	yes
H270	CLL	67	female	mutated	no	yes
H271	CLL	65	male	mutated	no	yes
H272	CLL	56	male	unmutated	yes	yes
